{"v":"5.4.3","fr":30,"ip":0,"op":31,"w":400,"h":400,"nm":"good","ddd":0,"assets":[],"layers":[{"ddd":0,"ind":1,"ty":4,"nm":"Calque de forme 3","sr":1,"ks":{"o":{"a":0,"k":100,"ix":11},"r":{"a":0,"k":0,"ix":10},"p":{"a":0,"k":[200,200,0],"ix":2},"a":{"a":0,"k":[0,0,0],"ix":1},"s":{"a":0,"k":[100,100,100],"ix":6}},"ao":0,"shapes":[],"ip":0,"op":31,"st":0,"bm":0},{"ddd":0,"ind":2,"ty":4,"nm":"coche","parent":3,"sr":1,"ks":{"o":{"a":0,"k":100,"ix":11},"r":{"a":0,"k":0,"ix":10},"p":{"a":0,"k":[-12.249,-5.011,0],"ix":2},"a":{"a":0,"k":[-18,-78.5,0],"ix":1},"s":{"a":0,"k":[111.35,111.35,100],"ix":6}},"ao":0,"shapes":[{"ty":"gr","it":[{"ind":0,"ty":"sh","ix":1,"ks":{"a":0,"k":{"i":[[0,0],[0,0],[0,0]],"o":[[0,0],[0,0],[0,0]],"v":[[-107.006,-69.99],[-19.597,2.505],[85.185,-123.056]],"c":false},"ix":2},"nm":"TracÃ© 1","mn":"ADBE Vector Shape - Group","hd":false},{"ty":"tm","s":{"a":0,"k":0,"ix":1},"e":{"a":1,"k":[{"i":{"x":[0.266],"y":[1]},"o":{"x":[0.807],"y":[0]},"n":["0p266_1_0p807_0"],"t":4,"s":[0],"e":[100]},{"t":19}],"ix":2},"o":{"a":0,"k":0,"ix":3},"m":1,"ix":2,"nm":"Raccorder les tracÃ©s 1","mn":"ADBE Vector Filter - Trim","hd":false},{"ty":"st","c":{"a":0,"k":[0.415686309338,0.705882370472,0.184313729405,1],"ix":3},"o":{"a":0,"k":100,"ix":4},"w":{"a":0,"k":25,"ix":5},"lc":2,"lj":2,"bm":0,"nm":"Contour 1","mn":"ADBE Vector Graphic - Stroke","hd":false},{"ty":"tr","p":{"a":0,"k":[0,0],"ix":2},"a":{"a":0,"k":[0,0],"ix":1},"s":{"a":0,"k":[100,100],"ix":3},"r":{"a":0,"k":0,"ix":6},"o":{"a":0,"k":100,"ix":7},"sk":{"a":0,"k":0,"ix":4},"sa":{"a":0,"k":0,"ix":5},"nm":"Transformer "}],"nm":"Forme 1","np":4,"cix":2,"bm":0,"ix":1,"mn":"ADBE Vector Group","hd":false}],"ip":0,"op":31,"st":0,"bm":0},{"ddd":0,"ind":3,"ty":4,"nm":"circle","sr":1,"ks":{"o":{"a":0,"k":100,"ix":11},"r":{"a":1,"k":[{"i":{"x":[0.281],"y":[1]},"o":{"x":[0.748],"y":[0]},"n":["0p281_1_0p748_0"],"t":0,"s":[-81.143],"e":[0]},{"t":10}],"ix":10},"p":{"a":0,"k":[200,200,0],"ix":2},"a":{"a":0,"k":[0,0,0],"ix":1},"s":{"a":1,"k":[{"i":{"x":[0.309,0.309,0.667],"y":[1,1,1]},"o":{"x":[0.841,0.841,0.333],"y":[0,0,0]},"n":["0p309_1_0p841_0","0p309_1_0p841_0","0p667_1_0p333_0"],"t":0,"s":[41.198,41.198,100],"e":[89.36,89.36,100]},{"t":10}],"ix":6,"x":"var $bm_rt;\nvar amp, freq, decay, n, time_max, n, t, t, v;\namp = 0.5;\nfreq = 2;\ndecay = 3;\nn = 0;\n$bm_rt = time_max = 3;\nif (numKeys > 0) {\n    $bm_rt = n = nearestKey(time).index;\n    if (key(n).time > time) {\n        n--;\n    }\n}\nif (n == 0) {\n    $bm_rt = t = 0;\n} else {\n    $bm_rt = t = sub(time, key(n).time);\n}\nif (n > 0 && t < time_max) {\n    v = velocityAtTime(sub(key(n).time, div(thisComp.frameDuration, 10)));\n    $bm_rt = sum(value, div(mul(mul(v, amp), Math.sin(mul(mul(mul(freq, t), 2), Math.PI))), Math.exp(mul(decay, t))));\n} else {\n    $bm_rt = value;\n}"}},"ao":0,"shapes":[{"ty":"gr","it":[{"d":1,"ty":"el","s":{"a":0,"k":[400,400],"ix":2},"p":{"a":0,"k":[0,0],"ix":3},"nm":"TracÃ© d'ellipse 1","mn":"ADBE Vector Shape - Ellipse","hd":false},{"ty":"st","c":{"a":0,"k":[0.415686279535,0.705882370472,0.184313729405,1],"ix":3},"o":{"a":0,"k":100,"ix":4},"w":{"a":0,"k":25,"ix":5},"lc":2,"lj":1,"ml":4,"ml2":{"a":0,"k":4,"ix":8},"bm":0,"nm":"Contour 1","mn":"ADBE Vector Graphic - Stroke","hd":false},{"ty":"tr","p":{"a":0,"k":[0,0],"ix":2},"a":{"a":0,"k":[0,0],"ix":1},"s":{"a":0,"k":[89.282,89.282],"ix":3},"r":{"a":0,"k":0,"ix":6},"o":{"a":0,"k":100,"ix":7},"sk":{"a":0,"k":0,"ix":4},"sa":{"a":0,"k":0,"ix":5},"nm":"Transformer "}],"nm":"Ellipse 1","np":3,"cix":2,"bm":0,"ix":1,"mn":"ADBE Vector Group","hd":false},{"ty":"tm","s":{"a":1,"k":[{"i":{"x":[0.281],"y":[1]},"o":{"x":[0.803],"y":[0]},"n":["0p281_1_0p803_0"],"t":0,"s":[0],"e":[100]},{"t":10}],"ix":1},"e":{"a":0,"k":0,"ix":2},"o":{"a":0,"k":-46,"ix":3},"m":1,"ix":2,"nm":"Raccorder les tracÃ©s 1","mn":"ADBE Vector Filter - Trim","hd":false}],"ip":0,"op":31,"st":0,"bm":0}],"markers":[]}